What,Count,Min,Q1,Median,Mean,Q3,Max,SD
Daily ICU occupancy,13379,0,17,58,418.24119889378875,330,7019,928.0332562312566
Daily hospital occupancy,20756,0,99,452,2283.932164193486,1760,34864,5006.958249485695
Weekly new ICU admissions per 100k,1644,0,0.179772623585689,0.568996247943908,1.315605490693696,1.50368251848778,22.2900313380938,2.079848460738652
Weekly new hospital admissions per 100k,2483,0,1.7906223141047048,5.37419201254948,9.131285561436066,12.19089412548785,66.5967702275348,10.695727704847839
